<?xml version="1.0"?>
<doc>
    <assembly>
        <name>Toolbelt.Blazor.SpeechSynthesis</name>
    </assembly>
    <members>
        <member name="T:Toolbelt.Blazor.SpeechSynthesis.SpeechSynthesis">
            <summary>
            The controller interface for the speech service of the Web Speech API.
            </summary>
        </member>
        <member name="P:Toolbelt.Blazor.SpeechSynthesis.SpeechSynthesis.AvailableAsync">
            <summary>
            Gets a value that indicates whether the Web Speech API is available or not.
            </summary>
        </member>
        <member name="P:Toolbelt.Blazor.SpeechSynthesis.SpeechSynthesis.Available">
            <summary>
            [Deprecated] use <see cref="P:Toolbelt.Blazor.SpeechSynthesis.SpeechSynthesis.AvailableAsync"/> or <see cref="M:Toolbelt.Blazor.SpeechSynthesis.SpeechSynthesis.GetStatusAsync"/> instead.
            </summary>
        </member>
        <member name="P:Toolbelt.Blazor.SpeechSynthesis.SpeechSynthesis.Paused">
            <summary>
            Gets a value that indicates whether the SpeechSynthesis object is in a paused state or not.
            </summary>
        </member>
        <member name="P:Toolbelt.Blazor.SpeechSynthesis.SpeechSynthesis.Pending">
            <summary>
            Gets a value that indicates whether the utterance queue contains as-yet-unspoken utterances or not.
            </summary>
        </member>
        <member name="P:Toolbelt.Blazor.SpeechSynthesis.SpeechSynthesis.Speaking">
            <summary>
            Gets a value that indicates whether an utterance is currently in the process of being spoken (includes SpeechSynthesis is in a paused state) or not.
            </summary>
        </member>
        <member name="E:Toolbelt.Blazor.SpeechSynthesis.SpeechSynthesis.UtteranceStarted">
            <summary>
            Occurs when the utterance has begun to be spoken.
            </summary>
        </member>
        <member name="E:Toolbelt.Blazor.SpeechSynthesis.SpeechSynthesis.UtteranceReachedBoundary">
            <summary>
            Occurs when the spoken utterance reaches a word or sentence boundary.
            </summary>
        </member>
        <member name="E:Toolbelt.Blazor.SpeechSynthesis.SpeechSynthesis.UtteranceReachedMark">
            <summary>
            Occurs when the spoken utterance reaches a named SSML "mark" tag.
            </summary>
        </member>
        <member name="E:Toolbelt.Blazor.SpeechSynthesis.SpeechSynthesis.UtterancePaused">
            <summary>
            Occurs when the utterance is paused part way through.
            </summary>
        </member>
        <member name="E:Toolbelt.Blazor.SpeechSynthesis.SpeechSynthesis.UtteranceResumed">
            <summary>
            Occurs when a paused utterance is resumed.
            </summary>
        </member>
        <member name="E:Toolbelt.Blazor.SpeechSynthesis.SpeechSynthesis.UtteranceEnded">
            <summary>
            Occurs when the utterance has finished being spoken.
            </summary>
        </member>
        <member name="E:Toolbelt.Blazor.SpeechSynthesis.SpeechSynthesis.UtteranceError">
            <summary>
            Occurs when an error occurs that prevents the utterance from being succesfully spoken.
            </summary>
        </member>
        <member name="M:Toolbelt.Blazor.SpeechSynthesis.SpeechSynthesis.#ctor(Microsoft.JSInterop.IJSRuntime,Microsoft.Extensions.Logging.ILogger,Toolbelt.Blazor.SpeechSynthesis.SpeechSynthesisOptions)">
            <summary>
            Initialize a new instance of the SpeechSynthesis class.
            </summary>
        </member>
        <member name="M:Toolbelt.Blazor.SpeechSynthesis.SpeechSynthesis.GetStatusAsync">
            <summary>
            Get the current status of the Web Speech API SpeechSynthesis object.
            </summary>
            <returns>Current status of the Web Speech API SpeechSynthesis object.</returns>
        </member>
        <member name="M:Toolbelt.Blazor.SpeechSynthesis.SpeechSynthesis.GetVoicesAsync">
            <summary>
            Returns a collection of SpeechSynthesisVoice objects representing all the available voices on the current device.
            </summary>
        </member>
        <member name="M:Toolbelt.Blazor.SpeechSynthesis.SpeechSynthesis.GetLatestVoiceAsync">
            <summary>
            Returns a collection of <see cref="T:Toolbelt.Blazor.SpeechSynthesis.SpeechSynthesisVoiceInternal"/> object representing latest all the available voices on the current device.
            </summary>
        </member>
        <member name="M:Toolbelt.Blazor.SpeechSynthesis.SpeechSynthesis.Speak(System.String)">
            <summary>
            [Deprecated] Use <see cref="M:Toolbelt.Blazor.SpeechSynthesis.SpeechSynthesis.SpeakAsync(System.String)"/> instead.
            </summary>
        </member>
        <member name="M:Toolbelt.Blazor.SpeechSynthesis.SpeechSynthesis.Speak(Toolbelt.Blazor.SpeechSynthesis.SpeechSynthesisUtterance)">
            <summary>
            [Deprecated] Use <see cref="M:Toolbelt.Blazor.SpeechSynthesis.SpeechSynthesis.SpeakAsync(Toolbelt.Blazor.SpeechSynthesis.SpeechSynthesisUtterance)"/> instead.
            </summary>
        </member>
        <member name="M:Toolbelt.Blazor.SpeechSynthesis.SpeechSynthesis.Cancel">
            <summary>
            [Deprecated] Use <see cref="M:Toolbelt.Blazor.SpeechSynthesis.SpeechSynthesis.CancelAsync"/> instead.
            </summary>
        </member>
        <member name="M:Toolbelt.Blazor.SpeechSynthesis.SpeechSynthesis.Pause">
            <summary>
            [Deprecated] Use <see cref="M:Toolbelt.Blazor.SpeechSynthesis.SpeechSynthesis.PauseAsync"/> instead.
            </summary>
        </member>
        <member name="M:Toolbelt.Blazor.SpeechSynthesis.SpeechSynthesis.Resume">
            <summary>
            [Deprecated] Use <see cref="M:Toolbelt.Blazor.SpeechSynthesis.SpeechSynthesis.ResumeAsync"/> instead.
            </summary>
        </member>
        <member name="M:Toolbelt.Blazor.SpeechSynthesis.SpeechSynthesis.SpeakAsync(System.String)">
            <summary>
            Adds an utterance initialized with specified text to the utterance queue.
            <para>it will be spoken when any other utterances queued before it have been spoken.</para>
            </summary>
        </member>
        <member name="M:Toolbelt.Blazor.SpeechSynthesis.SpeechSynthesis.SpeakAsync(Toolbelt.Blazor.SpeechSynthesis.SpeechSynthesisUtterance)">
            <summary>
            Adds an utterance to the utterance queue.
            <para>it will be spoken when any other utterances queued before it have been spoken.</para>
            </summary>
        </member>
        <member name="M:Toolbelt.Blazor.SpeechSynthesis.SpeechSynthesis.CancelAsync">
            <summary>
            Removes all utterances from the utterance queue.
            </summary>
        </member>
        <member name="M:Toolbelt.Blazor.SpeechSynthesis.SpeechSynthesis.PauseAsync">
            <summary>
            Puts the SpeechSynthesis object into a paused state.
            </summary>
        </member>
        <member name="M:Toolbelt.Blazor.SpeechSynthesis.SpeechSynthesis.ResumeAsync">
            <summary>
            Puts the SpeechSynthesis object into a non-paused state if it was already paused.
            </summary>
        </member>
        <member name="T:Toolbelt.Blazor.SpeechSynthesis.SpeechSynthesisOptions">
            <summary>
            Options for "Blazor SpeechSynthesis" service.
            </summary>
        </member>
        <member name="P:Toolbelt.Blazor.SpeechSynthesis.SpeechSynthesisOptions.DisableClientScriptAutoInjection">
            <summary>
            Gets a value that determines whether or not to inject client script for "Blazor SpeechSynthesis" service automatically.
            </summary>
        </member>
        <member name="T:Toolbelt.Blazor.SpeechSynthesis.SpeechSynthesisStatus">
            <summary>
            Represent a status of the Web Speech API SpeechSynthesis object.
            </summary>
        </member>
        <member name="P:Toolbelt.Blazor.SpeechSynthesis.SpeechSynthesisStatus.Available">
            <summary>
            Gets a value that indicates whether the Web Speech API is available or not.
            </summary>
        </member>
        <member name="P:Toolbelt.Blazor.SpeechSynthesis.SpeechSynthesisStatus.Paused">
            <summary>
            Gets a value that indicates whether the SpeechSynthesis object is in a paused state or not.
            </summary>
        </member>
        <member name="P:Toolbelt.Blazor.SpeechSynthesis.SpeechSynthesisStatus.Pending">
            <summary>
            Gets a value that indicates whether the utterance queue contains as-yet-unspoken utterances or not.
            </summary>
        </member>
        <member name="P:Toolbelt.Blazor.SpeechSynthesis.SpeechSynthesisStatus.Speaking">
            <summary>
            Gets a value that indicates whether an utterance is currently in the process of being spoken (includes SpeechSynthesis is in a paused state) or not.
            </summary>
        </member>
        <member name="M:Toolbelt.Blazor.SpeechSynthesis.SpeechSynthesisStatus.#ctor(System.Boolean,System.Boolean,System.Boolean,System.Boolean)">
            <summary>
            Initialize a new instance of the SpeechSynthesisStatus class.
            </summary>
            <param name="available">A value that indicates whether the Web Speech API is available or not.</param>
            <param name="paused">A value that indicates whether the SpeechSynthesis object is in a paused state or not.</param>
            <param name="pending">A value that indicates whether the utterance queue contains as-yet-unspoken utterances or not.</param>
            <param name="speaking">A value that indicates whether an utterance is currently in the process of being spoken (includes SpeechSynthesis is in a paused state) or not.</param>
        </member>
        <member name="T:Toolbelt.Blazor.SpeechSynthesis.SpeechSynthesisStatusEventArgs">
            <summary>
            Provides data for events that are raised when the status of the SpeechSynthesis object is changed.
            </summary>
        </member>
        <member name="P:Toolbelt.Blazor.SpeechSynthesis.SpeechSynthesisStatusEventArgs.Status">
            <summary>
            Gets a status value of the Web Speech API SpeechSynthesis object.
            </summary>
        </member>
        <member name="M:Toolbelt.Blazor.SpeechSynthesis.SpeechSynthesisStatusEventArgs.#ctor(Toolbelt.Blazor.SpeechSynthesis.SpeechSynthesisStatus)">
            <summary>
            Initialize a new instance of the SpeechSynthesisStatusEventArgs class.
            </summary>
            <param name="status">A status value of the Web Speech API SpeechSynthesis object.</param>
        </member>
        <member name="T:Toolbelt.Blazor.SpeechSynthesis.SpeechSynthesisUtterance">
            <summary>
            Represents a speech request.
            </summary>
        </member>
        <member name="P:Toolbelt.Blazor.SpeechSynthesis.SpeechSynthesisUtterance.Lang">
            <summary>
            Gets or sets the BCP 47 language tag of the utterance.
            <para>If unset (empty string), the app's (i.e. the &lt;html&gt; lang value) lang will be used, or the user-agent default if that is unset too.</para>
            </summary>
        </member>
        <member name="P:Toolbelt.Blazor.SpeechSynthesis.SpeechSynthesisUtterance.Pitch">
            <summary>
            Gets or sets the pitch at which the utterance will be spoken at.
            <para>It can range between 0.0 (lowest) and 2.0 (highest), with 1.0 being the default pitch for the current platform or voice.</para>
            </summary>
        </member>
        <member name="P:Toolbelt.Blazor.SpeechSynthesis.SpeechSynthesisUtterance.Rate">
            <summary>
            Gets or sets the speed at which the utterance will be spoken at.
            <para>It can range between 0.1 (lowest) and 10.0 (highest), with 1.0 being the default rate for the current platform or voice, which should correspond to a normal speaking rate.</para>
            </summary>
        </member>
        <member name="P:Toolbelt.Blazor.SpeechSynthesis.SpeechSynthesisUtterance.Text">
            <summary>
            Gets or sets the text that will be synthesised when the utterance is spoken.
            <para>The text may be provided as plain text, or a well-formed SSML document.</para>
            </summary>
        </member>
        <member name="P:Toolbelt.Blazor.SpeechSynthesis.SpeechSynthesisUtterance.Volume">
            <summary>
            Gets or sets the volume that the utterance will be spoken at.
            <para>It can range between 0.0 (lowest) and 1.0 (highest), with 1.0 being the default volume for the current platform or voice.</para>
            </summary>
        </member>
        <member name="P:Toolbelt.Blazor.SpeechSynthesis.SpeechSynthesisUtterance.Voice">
            <summary>
            Gets or sets the voice that will be used to speak the utterance.
            <para>This should be set to one of the SpeechSynthesisVoice objects returned by SpeechSynthesis.GetVoicesAsync().</para>
            <para>If not set (it will be null) by the time the utterance is spoken, the voice used will be the most suitable default voice available for the utterance's lang setting.</para>
            </summary>
        </member>
        <member name="E:Toolbelt.Blazor.SpeechSynthesis.SpeechSynthesisUtterance.Start">
            <summary>
            Occurs when the utterance has begun to be spoken.
            </summary>
        </member>
        <member name="E:Toolbelt.Blazor.SpeechSynthesis.SpeechSynthesisUtterance.Boundary">
            <summary>
            Occurs when the spoken utterance reaches a word or sentence boundary.
            </summary>
        </member>
        <member name="E:Toolbelt.Blazor.SpeechSynthesis.SpeechSynthesisUtterance.Mark">
            <summary>
            Occurs when the spoken utterance reaches a named SSML "mark" tag.
            </summary>
        </member>
        <member name="E:Toolbelt.Blazor.SpeechSynthesis.SpeechSynthesisUtterance.Pause">
            <summary>
            Occurs when the utterance is paused part way through.
            </summary>
        </member>
        <member name="E:Toolbelt.Blazor.SpeechSynthesis.SpeechSynthesisUtterance.Resume">
            <summary>
            Occurs when a paused utterance is resumed.
            </summary>
        </member>
        <member name="E:Toolbelt.Blazor.SpeechSynthesis.SpeechSynthesisUtterance.End">
            <summary>
            Occurs when the utterance has finished being spoken.
            </summary>
        </member>
        <member name="E:Toolbelt.Blazor.SpeechSynthesis.SpeechSynthesisUtterance.Error">
            <summary>
            Occurs when an error occurs that prevents the utterance from being succesfully spoken.
            </summary>
        </member>
        <member name="T:Toolbelt.Blazor.SpeechSynthesis.SpeechSynthesisVoice">
            <summary>
            Represents a voice that the system supports.
            </summary>
        </member>
        <member name="P:Toolbelt.Blazor.SpeechSynthesis.SpeechSynthesisVoice.VoiceIdentity">
            <summary>
            Gets a combined value of VoiceURI and Lang to identify a particular voice instance.
            </summary>
        </member>
        <member name="P:Toolbelt.Blazor.SpeechSynthesis.SpeechSynthesisVoice.Default">
            <summary>
            Gets a value that indicates whether the voice is the default voice for the current app language or not.
            </summary>
        </member>
        <member name="P:Toolbelt.Blazor.SpeechSynthesis.SpeechSynthesisVoice.Lang">
            <summary>
            Gets a BCP 47 language tag indicating the language of the voice.
            </summary>
        </member>
        <member name="P:Toolbelt.Blazor.SpeechSynthesis.SpeechSynthesisVoice.LocalService">
            <summary>
            Gets a value that indicates whether the voice is supplied by a local speech synthesizer service or not (a remote speech synthesizer service).
            </summary>
        </member>
        <member name="P:Toolbelt.Blazor.SpeechSynthesis.SpeechSynthesisVoice.Name">
            <summary>
            Gets a human-readable name that represents the voice.
            </summary>
        </member>
        <member name="P:Toolbelt.Blazor.SpeechSynthesis.SpeechSynthesisVoice.VoiceURI">
            <summary>
            Gets the type of URI and location of the speech synthesis service for this voice.
            </summary>
        </member>
        <member name="T:Toolbelt.Blazor.Extensions.DependencyInjection.SpeechSynthesisExtensions">
            <summary>
            Extension methods for adding SpeechSynthesis service.
            </summary>
        </member>
        <member name="M:Toolbelt.Blazor.Extensions.DependencyInjection.SpeechSynthesisExtensions.AddSpeechSynthesis(Microsoft.Extensions.DependencyInjection.IServiceCollection,System.Action{Toolbelt.Blazor.SpeechSynthesis.SpeechSynthesisOptions})">
            <summary>
             Adds a SpeechSynthesis service to the specified Microsoft.Extensions.DependencyInjection.IServiceCollection.
            </summary>
            <param name="services">The Microsoft.Extensions.DependencyInjection.IServiceCollection to add the service to.</param>
            <param name="configure">An System.Action`1 to configure the options for SpeechSynthesis service.</param>
        </member>
    </members>
</doc>
